date,clone_count,unique_cloners,view_count,unique_visitors,note
2026-06-29,594,42,59,58,
2026-06-30,812,57,48,19,
2026-07-01,2720,92,24,2,
2026-07-02,790,48,11,5,
2026-07-03,342,29,18,18,
2026-07-04,3173,135,77,38,
2026-07-05,21,14,22,21,
2026-07-06,2648,114,18,13,
2026-07-07,2051,93,29,12,
2026-07-08,2370,101,30,9,
2026-07-09,1560,97,22,12,
2026-07-10,511,44,9,9,
2026-07-11,1324,77,41,15,
2026-07-12,95,23,17,9,
2026-07-13,1238,68,98,69,
2026-07-14,885,67,253,217,
2026-07-15,1704,90,106,80,
2026-07-16,71830,125,49,31,
2026-07-17,1240,37,53,38,
2026-07-18,428,20,39,29,
2026-07-19,528,28,88,78,
2026-07-20,1108,42,33,27,
2026-07-21,1659,87,29,21,
2026-07-22,2526,102,111,66,
2026-07-23,5480,49,23,19,
2026-07-24,210,17,32,22,
2026-07-25,520,28,405,391,
2026-07-26,210,12,147,147,
2026-07-27,933,44,79,42,
2026-07-28,1537,53,82,54,
2026-07-29,607,36,45,35,
2026-07-30,750,20,44,24,
2026-07-31,14,8,14,7,
