tag,asset_downloads
v1.0.0,13
v1.0.1,21
v1.0.10,0
v1.0.11,7
v1.0.12,14
v1.0.13,7
v1.0.14,0
v1.0.15,7
v1.0.16,0
v1.0.17,7
v1.0.18,7
v1.0.2,32
v1.0.20,9
v1.0.21,0
v1.0.22,0
v1.0.23,0
v1.0.24,0
v1.0.25,1
v1.0.26,0
v1.0.27,12
v1.0.28,24
v1.0.29,30
v1.0.3,18
v1.0.30,0
v1.0.31,9
v1.0.32,0
v1.0.33,6
v1.0.4,24
v1.0.5,7
v1.0.6,7
v1.0.7,7
v1.0.8,7
v1.0.9,0
v1.1.0,6
v1.1.1,6
v1.10.0,12
v1.100.4,17
v1.101.0,39
v1.102.0,14
v1.103.0,15
v1.104.0,19
v1.106.0,955
v1.107.0,33
v1.107.1,32
v1.107.2,44
v1.108.0,34
v1.109.0,14
v1.11.0,0
v1.110.0,14
v1.111.0,16
v1.112.0,27
v1.112.1,27
v1.112.2,39
v1.113.0,28
v1.114.0,16
v1.115.0,22
v1.116.0,14
v1.117.0,14
v1.118.0,14
v1.119.0,14
v1.12.0,8
v1.12.1,0
v1.12.10,14
v1.12.11,6
v1.12.2,0
v1.12.3,11
v1.12.4,10
v1.12.5,0
v1.12.6,0
v1.12.7,8
v1.12.8,2
v1.12.9,6
v1.120.0,21
v1.121.0,33
v1.122.0,14
v1.123.0,22
v1.124.0,14
v1.124.1,14
v1.125.0,23
v1.126.0,20
v1.126.1,52
v1.126.2,14
v1.127.0,14
v1.128.0,24
v1.129.0,19
v1.13.0,0
v1.13.1,0
v1.13.10,12
v1.13.11,0
v1.13.12,0
v1.13.13,0
v1.13.14,6
v1.13.2,0
v1.13.3,14
v1.13.4,0
v1.13.5,0
v1.13.6,0
v1.13.7,10
v1.13.8,16
v1.13.9,14
v1.131.0,18
v1.131.1,16
v1.131.2,16
v1.131.3,33
v1.131.4,42
v1.132.0,16
v1.133.0,19
v1.134.0,17
v1.135.0,14
v1.136.0,16
v1.136.1,16
v1.137.0,15
v1.138.0,14
v1.139.0,14
v1.139.1,18
v1.139.2,16
v1.14.0,1
v1.14.1,0
v1.140.0,33
v1.141.0,15
v1.142.0,29
v1.143.0,17
v1.143.1,15
v1.144.0,18
v1.145.0,15
v1.146.0,15
v1.147.0,15
v1.148.0,19
v1.149.0,30
v1.15.0,6
v1.15.1,0
v1.150.0,29
v1.150.1,35
v1.151.0,15
v1.152.0,18
v1.153.0,15
v1.154.0,18
v1.155.0,15
v1.156.0,21
v1.157.0,18
v1.158.0,20
v1.159.0,37
v1.16.0,7
v1.16.1,44
v1.16.3,18
v1.16.5,2
v1.160.0,39
v1.161.0,18
v1.162.0,16
v1.163.0,18
v1.164.0,21
v1.165.0,15
v1.166.0,30
v1.167.0,19
v1.168.0,13
v1.169.0,11
v1.17.0,5
v1.17.1,27
v1.17.2,18
v1.17.5,15
v1.17.6,7
v1.17.7,13
v1.170.0,19
v1.171.0,16
v1.172.0,13
v1.173.0,14
v1.174.0,30
v1.175.0,11
v1.176.0,11
v1.177.0,13
v1.178.0,11
v1.179.0,51
v1.18.0,27
v1.18.1,32
v1.18.10,24
v1.18.2,22
v1.18.3,7
v1.18.4,26
v1.18.5,23
v1.18.6,32
v1.180.0,12
v1.181.0,11
v1.182.0,11
v1.183.0,12
v1.184.0,16
v1.185.0,13
v1.185.1,28
v1.186.0,12
v1.186.1,28
v1.187.0,30
v1.187.1,28
v1.187.2,11
v1.187.3,28
v1.188.0,28
v1.189.0,29
v1.19.0,0
v1.19.1,19
v1.19.10,39
v1.19.11,29
v1.19.12,29
v1.19.13,38
v1.19.14,23
v1.19.15,14
v1.19.16,49
v1.19.17,28
v1.19.18,80
v1.19.20,33
v1.19.21,26
v1.19.22,12
v1.19.23,42
v1.19.25,19
v1.19.26,9
v1.19.27,11
v1.19.28,19
v1.19.29,7
v1.19.3,0
v1.19.30,55
v1.19.4,23
v1.19.5,8
v1.19.6,31
v1.19.8,58
v1.19.9,0
v1.190.0,11
v1.190.1,13
v1.190.2,21
v1.190.3,19
v1.191.0,11
v1.192.0,40
v1.192.1,39
v1.192.2,37
v1.193.0,15
v1.194.0,24
v1.195.0,29
v1.196.0,24
v1.197.0,40
v1.198.0,36
v1.198.1,17
v1.198.2,21
v1.198.3,29
v1.199.0,27
v1.2.0,0
v1.2.1,6
v1.2.2,0
v1.2.3,0
v1.20.0,16
v1.20.1,22
v1.200.0,27
v1.201.0,30
v1.201.1,31
v1.201.2,33
v1.201.3,33
v1.201.4,33
v1.202.0,34
v1.203.0,35
v1.204.0,11
v1.205.0,14
v1.206.0,19
v1.206.1,19
v1.206.2,15
v1.207.0,37
v1.208.0,52
v1.209.0,35
v1.209.1,45
v1.209.2,38
v1.209.3,37
v1.21.0,3
v1.21.1,40
v1.21.2,24
v1.21.3,73
v1.21.4,55
v1.21.5,27
v1.210.0,37
v1.211.0,38
v1.211.1,38
v1.212.0,51
v1.213.0,37
v1.214.0,37
v1.215.0,44
v1.216.0,43
v1.216.1,37
v1.216.2,22
v1.216.3,39
v1.216.4,71
v1.217.0,38
v1.218.0,16
v1.218.1,25
v1.218.10,35
v1.218.11,17
v1.218.12,38
v1.218.13,43
v1.218.2,33
v1.218.3,34
v1.218.4,34
v1.218.5,34
v1.218.6,32
v1.218.7,32
v1.218.8,35
v1.218.9,36
v1.219.0,37
v1.219.1,26
v1.22.0,21
v1.22.1,21
v1.22.2,45
v1.22.3,51
v1.220.0,26
v1.220.1,26
v1.220.10,68
v1.220.2,26
v1.220.3,27
v1.220.4,26
v1.220.5,26
v1.220.6,28
v1.220.7,26
v1.220.8,26
v1.220.9,26
v1.221.2,32
v1.221.3,49
v1.221.4,39
v1.222.0,55
v1.222.1,18
v1.223.0,47
v1.224.0,32
v1.225.0,62
v1.226.0,19
v1.227.0,80
v1.228.0,44
v1.228.2,24
v1.23.0,21
v1.23.1,21
v1.23.2,57
v1.24.0,21
v1.24.1,147
v1.25.0,33
v1.26.0,69
v1.26.1,21
v1.26.2,25
v1.27.0,55
v1.28.0,45
v1.29.0,65
v1.29.1,25
v1.29.2,69
v1.29.3,31
v1.3.0,0
v1.3.1,6
v1.3.2,16
v1.30.0,55
v1.31.0,31
v1.32.0,60
v1.33.0,25
v1.34.0,41
v1.35.0,25
v1.36.0,25
v1.37.0,25
v1.37.1,19
v1.38.0,19
v1.39.0,19
v1.4.0,7
v1.40.0,22
v1.41.0,22
v1.42.0,47
v1.43.0,26
v1.44.0,19
v1.45.0,32
v1.46.0,17
v1.47.0,18
v1.48.0,55
v1.49.0,23
v1.5.0,23
v1.50.0,19
v1.50.1,19
v1.51.0,21
v1.51.1,21
v1.52.0,17
v1.53.0,51
v1.53.1,21
v1.54.0,15
v1.55.0,19
v1.56.0,22
v1.56.1,29
v1.57.0,53
v1.58.0,17
v1.59.0,28
v1.59.1,24
v1.6.1,17
v1.60.0,32
v1.60.1,15
v1.60.2,26
v1.60.3,23
v1.60.4,26
v1.60.5,23
v1.60.6,26
v1.60.7,15
v1.60.8,19
v1.61.0,24
v1.61.1,21
v1.62.0,23
v1.63.0,41
v1.64.0,24
v1.65.0,24
v1.66.0,44
v1.66.1,24
v1.66.2,26
v1.66.3,19
v1.67.0,19
v1.67.1,34
v1.67.2,18
v1.68.1,44
v1.68.2,47
v1.69.0,32
v1.7.0,0
v1.70.0,34
v1.71.0,69
v1.72.0,20
v1.73.0,63
v1.73.1,0
v1.74.0,36
v1.75.0,30
v1.75.1,78
v1.76.0,69
v1.77.0,19
v1.78.0,73
v1.78.1,32
v1.79.0,31
v1.79.1,36
v1.79.2,23
v1.79.3,20
v1.79.4,61
v1.8.0,4
v1.8.1,55
v1.8.10,18
v1.8.11,3
v1.8.12,19
v1.8.13,16
v1.8.14,18
v1.8.15,13
v1.8.16,4
v1.8.17,12
v1.8.18,19
v1.8.19,25
v1.8.2,0
v1.8.3,26
v1.8.4,3
v1.8.5,3
v1.8.6,16
v1.8.7,3
v1.8.8,33
v1.8.9,4
v1.80.0,28
v1.80.1,31
v1.81.0,36
v1.81.1,31
v1.82.0,35
v1.83.0,36
v1.83.1,43
v1.84.0,36
v1.85.0,20
v1.85.1,19
v1.86.0,19
v1.87.0,23
v1.87.1,27
v1.87.2,19
v1.88.0,19
v1.89.0,19
v1.9.0,0
v1.9.1,3
v1.9.3,4
v1.9.6,18
v1.9.7,0
v1.90.0,26
v1.91.0,19
v1.92.0,32
v1.93.0,19
v1.94.0,19
v1.95.0,36
v1.98.0,24
v1.98.1,15
v1.98.2,27
